ligand,background,note,s_cat,s_gate,s_chan,K_catalytic,K_cat_mean,K_cat_cov,CKI_TM,CKI_TM_mean,CKI_cov,CKI_TM_comm,CKI_TM_rot,S_Notch,notch_retention,leakage_cat,w_TM3,w_TM6a,w_PAL,w_sum,w_mean,zeta,zeta_bg,d_cone,d_cone_over_wsum,sigma_sync,d_cone_eff,CKI_TM_bg,sigma_bg,w_mean_bg,Gamma_bg,Gamma_ligand,Gamma,ddG_bg_kcal,ddG_ligand_kcal,ddG_barrier_kcal,rate_factor_42_38,ratio_38_42,ratio_38_42_fold,R_42_40,R_fold_reduction,R_42_40_branch,R_branch_fold,pass_notch,pass_cki,quadrant,rescue_occupancy
apo,wild type,unliganded reference,0.0,0.0,0.0,0.0,0.0,0.0,0.0,0.0,0.0,0.0,0.0,0.0,1.0,0.0,1.05,1.05,1.05,3.1500000000000004,1.05,1.0,1.0,2.3986799028949823,0.7614856834587245,0.0,0.0,0.0,0.0,1.05,0.0,0.0,0.0,0.0,0.0,0.0,1.0,3.0,1.0,0.182,1.0,0.182,1.0,1,0,III,
Semagacestat,wild type,"orthosteric GSI, transition-state analogue; Phase III failure (IDENTITY)",1.0,0.05,0.05,0.6722105770636349,0.003276682531383015,0.6689338945322518,0.03436011969595229,6.867385741043508e-06,0.034353252310211246,0.005721109358379328,0.028632142951831918,0.05103918575644188,0.13310303769479476,0.4436287912045666,1.1025797153397419,1.079429698310237,1.0860323711268536,3.2680417847768326,1.0893472615922775,1.0,1.0,2.4886004308467657,0.7614959032773526,0.010680095827750443,0.0265784910784245,0.0,0.0,1.05,0.0,0.007774761231786748,0.007774761231786748,0.0,0.005129562046554569,0.005129562046554569,1.0083592534166779,3.030402497054273,1.0101341656847576,0.18136435964269781,1.003504769947935,0.18062712112055265,1.0076006242635682,0,0,IV,
Avagacestat,wild type,"aryl sulfonamide marketed as a Notch-sparing GSI; Phase II, Notch-type adverse events",0.28,0.32,0.28,0.14378328932284198,0.0003301760419576918,0.14345311328088428,0.7129788493397934,0.00020740073383032547,0.7127714486059631,0.06461427228113993,0.6481571763248232,4.924455388977746,0.6496315857270034,0.2809519267586592,1.2331062200420209,1.1602690381743352,1.195445069866719,3.588820328083075,1.1962734426943584,1.0,1.0,2.733119397027492,0.7615648450384683,0.1997298256724948,0.5458854607104151,0.0,0.0,1.05,0.0,0.16688598789554798,0.16688598789554798,0.0,0.10531412443667172,0.10531412443667172,1.1863827806512222,3.6960729713590084,1.2320243237863362,0.16883265082649812,1.077990537428885,0.15502314475094756,1.174018242839752,0,0,IV,
R-Flurbiprofen,wild type,"tarenflurbil, first-generation NSAID-derived GSM; Phase III failure on efficacy",0.004,0.18,0.12,7.341813200850182e-05,9.274674977504327e-08,7.332538525872678e-05,0.21939652786711494,5.541839994893509e-05,0.219341109467166,0.02744824922647184,0.19189286024069416,204.39055511070615,0.9997797698581933,0.009762156768042474,1.1568202762876727,1.125528739692884,1.1506190693080374,3.4329680852885938,1.144322695096198,1.0,1.0,2.6142176730796143,0.7615036342115744,0.06626388702204851,0.1732282245399901,0.0,0.0,1.05,0.0,0.04611288492717591,0.04611288492717591,0.0,0.033431058962307594,0.033431058962307594,1.0557522909609351,3.200466588402907,1.0668221961343023,0.1782622692922301,1.020967592988747,0.17331407944296937,1.0501166471007268,1,0,III,
E2012,wild type,"second-generation bridged-imidazole GSM class; lowers CSF Abeta42, raises Abeta38",0.008,0.95,0.92,0.00029333281537378855,4.807074802510147e-07,0.00029285210789353755,3.8175879953574694,0.0022246529941710924,3.815363342363298,0.17539611747526343,3.639967224888035,2951.7444775064655,0.9991203886389581,0.019214204832702957,1.3048799935335866,1.2090301449461336,1.2731492773453172,3.7870594158250377,1.262353138608346,1.0,1.0,2.884277684253036,0.7616140565950629,0.6966888942432241,2.0094442305326545,0.0,0.0,1.05,0.0,1.8059191118306437,1.8059191118306437,0.0,0.38756392348938107,0.38756392348938107,1.8756551398466963,8.466093600421669,2.822031200140556,0.08074879882444083,2.253903496393716,0.07690606397210895,2.366523400105417,1,1,II,
KMS-AD-309,wild type,"Kakutani-spectrum optimised lead; gate and channel coupling, no active-site contact",0.02,1.0,1.0,0.001687774222354191,2.2691703449291937e-06,0.0016855050520092618,4.25363299913795,0.0025833174760813934,4.251049681661868,0.2077624691162472,4.043287212545621,1582.5856814015578,0.9949494743435778,0.04458623523205597,1.3021622157175843,1.2096783362286474,1.2750156671065074,3.786856219052739,1.262285406350913,1.0,1.0,2.884097924449631,0.7616074542093579,0.7353270357340884,2.1207551775523843,0.0,0.0,1.05,0.0,2.130294504109484,2.130294504109484,0.0,0.40904747426114724,0.40904747426114724,1.9422023880854271,9.43388020207832,3.1446267340261067,0.06978186485835837,2.6081274894189117,0.06977270065406635,2.60847005051958,1,1,II,
apo,PS1-L166P,unliganded reference,0.0,0.0,0.0,0.0,0.0,0.0,0.0,0.0,0.0,0.0,0.0,0.0,1.0,0.0,1.05,1.05,1.05,3.1500000000000004,1.05,1.0,-1.0,2.3986799028949823,0.7614856834587245,0.0,0.0,3.5100378596972064,0.6660910176763035,1.0131378540458928,-1.9682404605952644,0.0,-1.9682404605952644,-0.2974574086978941,0.0,-0.2974574086978941,0.6170972354065932,1.1860964521274067,0.3953654840424689,0.44129557734408337,0.41242198957750364,0.3330136688578148,0.5465241130318517,1,0,III,
Semagacestat,PS1-L166P,"orthosteric GSI, transition-state analogue; Phase III failure (IDENTITY)",1.0,0.05,0.05,0.6724932923527163,0.003276764229721578,0.6692165281229947,0.06322680502845641,7.808935926177124e-06,0.06321899609253023,0.00855597337563222,0.05466302271689801,0.09387889344463404,0.13299019476385354,0.443623726725095,1.0994442939079387,1.0807700865529337,1.086072094447564,3.266286474908436,1.088762158302812,1.0,-1.0,2.4872521544332162,0.761492347208443,0.019564459113857992,0.048661743081263864,3.5100378596972064,0.6660910176763035,1.0131378540458928,-1.9682404605952644,0.014557253011266369,-1.953683207583998,-0.2974574086978941,0.00939174150553967,-0.28806566719235444,0.6265746933487485,1.2082848305305842,0.4027616101768614,0.4384142021348145,0.41513253702496183,0.3296676180242037,0.552071207632646,0,0,IV,
Avagacestat,PS1-L166P,"aryl sulfonamide marketed as a Notch-sparing GSI; Phase II, Notch-type adverse events",0.28,0.32,0.28,0.14390525136900187,0.00033020501518485183,0.14357504635381702,1.1415560585861366,0.00023527626635586318,1.1413207823197808,0.05983327386687335,1.0814875084529074,7.87794816130686,0.6493939380133208,0.2810000431432997,1.1986102105579843,1.162730921304819,1.1948193237605569,3.55616045562336,1.18538681854112,1.0,-1.0,2.708049542952318,0.7615093797778659,0.3000429257423942,0.812531107922767,3.5100378596972064,0.6660910176763035,1.0131378540458928,-1.9682404605952644,0.3287896743970139,-1.6394507861982506,-0.2974574086978941,0.1568042165645113,-0.14065319213338282,0.7959180950882631,1.6479128153493774,0.5493042717831258,0.3806040290544325,0.4781872657842281,0.27493352340754634,0.6619782038373443,0,0,IV,3.689306692376542
R-Flurbiprofen,PS1-L166P,"tarenflurbil, first-generation NSAID-derived GSM; Phase III failure on efficacy",0.004,0.18,0.12,7.431850438160884e-05,9.468374167956376e-08,7.422382063992927e-05,0.3433930912045013,6.03304660102506e-05,0.34333276073849106,0.0349958518400586,0.30833690889843246,319.63806804404123,0.9997770693395885,0.009810568946184466,1.1443118636577085,1.1280833815201132,1.150384398135294,3.4227796433131155,1.1409265477710384,1.0,-1.0,2.6064275913784143,0.7614944176936542,0.10175313310212121,0.26521217362656896,3.5100378596972064,0.6660910176763035,1.0131378540458928,-1.9682404605952644,0.0781205871119221,-1.8901198734833422,-0.2974574086978941,0.05118550273899981,-0.2462719059588943,0.6705464549338203,1.3118060851471927,0.43726869504906424,0.42605167006402916,0.4271782339748795,0.3149053048511412,0.5779515212867982,1,0,III,
E2012,PS1-L166P,"second-generation bridged-imidazole GSM class; lowers CSF Abeta42, raises Abeta38",0.008,0.95,0.92,0.00029973479508635636,5.348771640903783e-07,0.00029919991792226597,4.57908379693395,0.002532244407198215,4.576551552526752,0.1386202681635856,4.437931284363166,3523.090875342541,0.9991011997778534,0.019377035454570552,1.2594833802612124,1.2131711010017843,1.2729185009731787,3.7455729822361756,1.2485243274120585,1.0,-1.0,2.8524026902116253,0.7615397440497045,0.7609215854575346,2.1704547773991667,3.5100378596972064,0.6660910176763035,1.0131378540458928,-1.9682404605952644,2.406096775127585,0.43785631453232066,-0.2974574086978941,0.4187895802005264,0.12133217150263231,1.2176269980516992,4.033196622308475,1.344398874102825,0.1494514133265344,1.2177870784155826,0.1446396901669426,1.2582991555771188,1,1,II,1.1882716336883685
KMS-AD-309,PS1-L166P,"Kakutani-spectrum optimised lead; gate and channel coupling, no active-site contact",0.02,1.0,1.0,0.0017032310424718864,2.326938629837285e-06,0.0017009041038420492,4.921434010596684,0.0029252088010165473,4.918508801795667,0.1587204451561785,4.759788356639489,1820.574687576993,0.9949033391480879,0.044742543271510775,1.2625834451540752,1.2143652874412512,1.275067962622011,3.7520166952173373,1.2506722317391124,1.0,-1.0,2.857318474909336,0.7615420471213614,0.7851785644603876,2.2435052183354567,3.5100378596972064,0.6660910176763035,1.0131378540458928,-1.9682404605952644,2.6750035834602106,0.7067631228649462,-0.2974574086978941,0.4328791839488165,0.13542177525092242,1.2457891575598707,4.3852704393628725,1.4617568131209575,0.13241795972687495,1.3744359177213792,0.13518355451172645,1.3463176098407181,1,1,II,1.1121590569488629
apo,PS1-E280A,unliganded reference,0.0,0.0,0.0,0.0,0.0,0.0,0.0,0.0,0.0,0.0,0.0,0.0,1.0,0.0,1.05,1.05,1.05,3.1500000000000004,1.05,1.0,-1.0,2.3986799028949823,0.7614856834587245,0.0,0.0,3.7444300833191733,0.689674769570294,1.0170181584378837,-2.141944414704978,0.0,-2.141944414704978,-0.3091781180587224,0.0,-0.3091781180587224,0.6054703871692209,1.1189098224590948,0.37296994081969825,0.477174224008186,0.3814120521247555,0.3435729035203214,0.5297274556147737,1,0,III,
Semagacestat,PS1-E280A,"orthosteric GSI, transition-state analogue; Phase III failure (IDENTITY)",1.0,0.05,0.05,0.6722860938916176,0.0032767987110949495,0.6690092951805227,0.06357143762865815,1.0793817969110171e-05,0.06356064381068904,0.006400318404264773,0.05716032540642427,0.09441965043598773,0.1330728865526969,0.44356393357568286,1.1020166648205265,1.0830690369408222,1.0915975823991473,3.276683284160496,1.0922277613868319,1.0,-1.0,2.495168527207766,0.7614921281130294,0.019670044068686256,0.049080074888975735,3.7444300833191733,0.689674769570294,1.0170181584378837,-2.141944414704978,0.014480568921713309,-2.127463845783265,-0.3091781180587224,0.009472491187048633,-0.2997056268716738,0.6148498459672488,1.1399709422958277,0.3799903140986092,0.47407494342047596,0.3839055460026221,0.34019153513317274,0.534992735573957,0,0,IV,
Avagacestat,PS1-E280A,"aryl sulfonamide marketed as a Notch-sparing GSI; Phase II, Notch-type adverse events",0.28,0.32,0.28,0.1438136306667245,0.00033015507660097437,0.14348347559012353,1.083996638145263,0.00034823177386773905,1.0836484063713954,0.07765837938304969,1.0059900269883457,7.485459988500554,0.6495724563321237,0.2809180371410915,1.2261858562157884,1.156083671112441,1.1870623509149494,3.5693318782431787,1.1897772927477261,1.0,-1.0,2.718260579575463,0.7615600544585358,0.2873386593245271,0.7810613506299257,3.7444300833191733,0.689674769570294,1.0170181584378837,-2.141944414704978,0.3025870557414697,-1.8393573589635084,-0.3091781180587224,0.15068905168162935,-0.15848906637709306,0.7732105109542262,1.530119315613977,0.5100397718713257,0.41642963285683715,0.43704862872371314,0.28773346597029487,0.6325298289034943,0,0,IV,3.9813386505168085
R-Flurbiprofen,PS1-E280A,"tarenflurbil, first-generation NSAID-derived GSM; Phase III failure on efficacy",0.004,0.18,0.12,7.368125255767954e-05,9.323812010397114e-08,7.358801443757557e-05,0.4146941669674959,0.00010375364333296032,0.4145904133241629,0.0265419371467292,0.3880484761774337,386.23582742050155,0.9997789806706984,0.009773645921786384,1.1545022253647454,1.1273519203609796,1.1521521975958302,3.4340063433215553,1.1446687811071852,1.0,-1.0,2.6149974537483374,0.7615004727157759,0.12154616907670338,0.3178429226484442,3.7444300833191733,0.689674769570294,1.0170181584378837,-2.141944414704978,0.0967474906757187,-2.045196924029259,-0.3091781180587224,0.06134110354650536,-0.24783701451221707,0.6688454709736535,1.2633747503738382,0.4211249167912794,0.4568455198974673,0.3983841190800063,0.3216435987366905,0.5658436875934596,1,0,III,
E2012,PS1-E280A,"second-generation bridged-imidazole GSM class; lowers CSF Abeta42, raises Abeta38",0.008,0.95,0.92,0.0002949083941521613,4.942625642334738e-07,0.00029441413158792784,4.42296543315417,0.003165213492829714,4.41980021966134,0.18076091802784963,4.239039301633491,3415.6589401446404,0.9991156660714752,0.019248884616939296,1.2904716423681435,1.198769586405312,1.2453728219717342,3.73461405074519,1.2448713502483966,1.0,-1.0,2.844288026089441,0.7616015972311525,0.7489684618793768,2.1302820280421373,3.7444300833191733,0.689674769570294,1.0170181584378837,-2.141944414704978,2.289518191619203,0.1475737769142249,-0.3091781180587224,0.41089825098933086,0.10172013293060844,1.1794833335443051,3.6585612413425723,1.2195204137808575,0.17030628415132804,1.068662855906605,0.15627142421985082,1.164640310335643,1,1,II,1.2437367062679485
KMS-AD-309,PS1-E280A,"Kakutani-spectrum optimised lead; gate and channel coupling, no active-site contact",0.02,1.0,1.0,0.0016914641671265302,2.280922909567226e-06,0.001689183244216963,4.831599759866293,0.0035947123465976177,4.828005047519696,0.17769486376375168,4.650310183755944,1795.1566358858945,0.994938460478704,0.044613379482707646,1.2877962697625753,1.200295759077775,1.247699209240783,3.7357912380811333,1.2452637460270444,1.0,-1.0,2.8451467622208364,0.7615914757812401,0.7790623899878941,2.2165468364420837,3.7444300833191733,0.689674769570294,1.0170181584378837,-2.141944414704978,2.611458211077612,0.46951379637263413,-0.3091781180587224,0.42756122374263333,0.11838310568391092,1.2118134908873557,4.042786976497779,1.347595658832593,0.14733744182474584,1.2352596715808626,0.14436461492283711,1.2606967441244448,1,1,II,1.1533162598754938
