anisotropy,w_TM3,w_TM6a,w_PAL,w_sum,d_cone,d_over_w_sum,d_over_w_max,discount_kT
0.0,1.05,1.05,1.05,3.1500000000000004,2.3986799028949823,0.7614856834587245,2.2844570503761736,0.751320097105018
0.1,1.1550000000000002,1.05,0.9450000000000001,3.1500000000000004,2.4013738035191285,0.7623408900060724,2.079111518198379,0.7486261964808718
0.2,1.26,1.05,0.8400000000000001,3.1500000000000004,2.4095008101640856,0.7649208921155827,1.9123022302889567,0.7404991898359148
0.3,1.3650000000000002,1.05,0.735,3.15,2.423201306922808,0.7692702561659709,1.7752390526907018,0.7267986930771917
0.4,1.47,1.05,0.63,3.15,2.4427253673015406,0.7754683705719176,1.6617179369398236,0.7072746326984594
0.5,1.5750000000000002,1.05,0.525,3.15,2.4684617842948104,0.7836386616808922,1.5672773233617843,0.6815382157051895
0.6,1.6800000000000002,1.05,0.42000000000000004,3.1500000000000004,2.500991623032927,0.7939655946136275,1.4886854899005517,0.6490083769670734
0.7,1.785,1.05,0.31500000000000006,3.15,2.5411904982181563,0.8067271422914782,1.4236361334555498,0.6088095017818436
0.8,1.8900000000000001,1.05,0.20999999999999996,3.1500000000000004,2.59044638189793,0.8223639307612476,1.370606551268746,0.5595536181020702
